Workbook

Sheet Input and output
A1: Enter pH, temperature, and ionic strength (user's estimate) to calculate free NH3.
A2: The only difference between cattle and pig rows is in the estimate of ionic strength based on dry matter.
A3: Only enter data in cells with a white background.
F5: Ionic strength
B6: Dry matter | C6: pH | D6: Temperature | E6: Total ammonia | F6: Based on | G6: Based on | H6: User's | I6: Free NH3 concentration | L6: NH3 (g)
B7: (%) | D7: (°C) | E7: (g/kgw) | F7: dry matter | G7: total ammonia | H7: estimate | I7: (% of TAN) | J7: (mmol/kgw) | K7: (mg N/kgw) | L7: (mg N/m3)
A8: Cattle | B8: 9 | C8: 7.5 | D8: 16 | E8: 3 | F8: =IF(COUNT(B8),0.04317*B8-0.0001624*B8^2+0.00001717*B8^3,"") -> 0.38789253 | G8: =IF(COUNT(E8)=1,E8/14*2,"") -> 0.42857143 | H8: 0.4 | I8: =IF(COUNT(C8:E8,H8)=4,100*Calculations!C3*Calculations!K3/(10^(-C8)+Calculations!K3*Calculations!C3),"") -> 0.57364327 | J8: =IF(COUNT(K8)=1,K8/14.0067,"") -> 1.2286476 | K8: =IF(COUNT(C8:E8,H8)=4,I8*E8*1000/100,"") -> 17.209298 | L8: =K8/Calculations!M3 -> 7.6958184
A9: Pig | B9: 5 | C9: 7.8 | D9: 35 | E9: 3 | F9: =IF(COUNT(B9),0.07564*B9-0.001425*B9^2+0.0001014*B9^3,"") -> 0.35525 | G9: =IF(COUNT(E9)=1,E9/14*2,"") -> 0.42857143 | H9: 0.4 | I9: =IF(COUNT(C9:E9,H9)=4,100*Calculations!C4*Calculations!K4/(10^(-C9)+Calculations!K4*Calculations!C4),"") -> 4.1542001 | J9: =IF(COUNT(K9)=1,K9/14.0067,"") -> 8.8975993 | K9: =IF(COUNT(C9:E9,H9)=4,I9*E9*1000/100,"") -> 124.626 | L9: =K9/Calculations!M4 -> 127.96654
A10: User-defined | C10: 8 | D10: 15 | E10: 0.01 | H10: 0.01 | I10: =IF(COUNT(C10:E10,H10)=4,100*Calculations!C5*Calculations!K5/(10^(-C10)+Calculations!K5*Calculations!C5),"") -> 2.4030639 | J10: =IF(COUNT(K10)=1,K10/14.0067,"") -> 0.017156531 | K10: =IF(COUNT(C10:E10,H10)=4,I10*E10*1000/100,"") -> 0.24030639 | L10: =K10/Calculations!M5 -> 0.10256088
A12: Calculations based on Eq. (12) in Hafner, S. D., and J. J. Bisogni. 2009. Modeling of Ammonia Speciation in Anaerobic Digesters. Water Research 43: 4105–4114.
A13: All constants are based on Hafner, S. D., Montes, F., Rotz, C. A. 2012. The Role of Carbon Dioxide in Emission of Ammonia from Manure. Atmospheric Environment 66: 63–71.
A14: Questions or bugs? Contact Sasha Hafner at sasha@hafnerconsulting.com or sdh11@cornell.edu

Sheet Calculations
B1: Temperature | D1: Debye-Huckel parameters | J1: NH4+ activity coefficient | L1: KH | M1: KH
B2: (K) | C2: Ka | D2: a | E2: Dielec. const. | F2: c | G2: rH2O | H2: A | I2: B | J2: log10 g | K2: g | L2: (mol/kg-atm) | M2: (m3/kg)
A3: Cattle | B3: ='Input and output'!D8+273.15 -> 289.15 | C3: =10^(-0.0905 - 2729.31/B3) -> 2.9540643e-10 | D3: 2.5 | E3: =2727.586 + 0.6224107*B3 - 1075.112*LOG10(B3) - 52000.87/B3 -> 81.732508 | F3: =647.26-B3 -> 358.11 | G3: =(1 + 0.1342489*F3^(1/3) - 0.003946263*F3)/(3.1975 - 0.3151548*F3^(1/3) - 0.001203374*F3 + 0.000000000000748908*F3^4) -> 0.99867775 | H3: =1824830*G3^0.5/(E3*B3)^(3/2) -> 0.50194723 | I3: =50.2916*G3^0.5/(E3*B3)^0.5 -> 0.32692575 | J3: =-H3*1^2*SQRT('Input and output'!H8)/(1+I3*D3*SQRT('Input and output'!H8)) -> -0.20927956 | K3: =10^J3 -> 0.6176187 | L3: =10^(-3.51645-0.00136*B3+1701.34805/B3) -> 94.247429 | M3: =L3*0.000082057*B3 -> 2.2361882
A4: Pig | B4: ='Input and output'!D9+273.15 -> 308.15 | C4: =10^(-0.0905 - 2729.31/B4) -> 1.1282814e-09 | D4: 2.5 | E4: =2727.586 + 0.6224107*B4 - 1075.112*LOG10(B4) - 52000.87/B4 -> 74.931972 | F4: =647.26-B4 -> 339.11 | G4: =(1 + 0.1342489*F4^(1/3) - 0.003946263*F4)/(3.1975 - 0.3151548*F4^(1/3) - 0.001203374*F4 + 0.000000000000748908*F4^4) -> 0.99392242 | H4: =1824830*G4^0.5/(E4*B4)^(3/2) -> 0.51850704 | I4: =50.2916*G4^0.5/(E4*B4)^0.5 -> 0.32995676 | J4: =-H4*1^2*SQRT('Input and output'!H9)/(1+I4*D4*SQRT('Input and output'!H9)) -> -0.21550308 | K4: =10^J4 -> 0.60883122 | L4: =10^(-3.51645-0.00136*B4+1701.34805/B4) -> 38.515401 | M4: =L4*0.000082057*B4 -> 0.97389521
A5: User-defined | B5: ='Input and output'!D10+273.15 -> 288.15 | C5: =10^(-0.0905 - 2729.31/B5) -> 2.7394439e-10 | D5: 2.5 | E5: =2727.586 + 0.6224107*B5 - 1075.112*LOG10(B5) - 52000.87/B5 -> 82.103561 | F5: =647.26-B5 -> 359.11 | G5: =(1 + 0.1342489*F5^(1/3) - 0.003946263*F5)/(3.1975 - 0.3151548*F5^(1/3) - 0.001203374*F5 + 0.000000000000748908*F5^4) -> 0.99883135 | H5: =1824830*G5^0.5/(E5*B5)^(3/2) -> 0.50118443 | I5: =50.2916*G5^0.5/(E5*B5)^0.5 -> 0.32677681 | J5: =-H5*1^2*SQRT('Input and output'!H10)/(1+I5*D5*SQRT('Input and output'!H10)) -> -0.046333282 | K5: =10^J5 -> 0.89880756 | L5: =10^(-3.51645-0.00136*B5+1701.34805/B5) -> 99.094444 | M5: =L5*0.000082057*B5 -> 2.3430608

Sheet ChangeLog
A1: When | B1: File name | C1: Who | D1: Description
A2: 18 May 2021 | B2: Free_NH3_calc.xlsx | C2: Sasha | D2: Edit in LO Calc, correct typos in notes in I/O
